T,T_actual,H,I,V1,V2,V3,V4,V5,V6,V7,V8
380,380.0527054,-0.026940609,0.001,63.29224487,-63.59782534,25.95296475,-26.04462149,63.45534653,-63.43472694,25.89184143,-26.04464979
379,378.9815048,0.007347439,0.001,63.16989223,-63.16973247,25.80007836,-26.06503102,63.10874251,-63.23082838,25.77969776,-26.10578857
378,377.9743744,0.013878496,0.001,63.24128973,-63.13916564,25.7592971,-26.08542786,63.13942689,-63.20028404,25.76948861,-25.95289486
377,376.9719925,0.03102252,0.001,63.11892588,-63.04739015,25.60639142,-25.96311048,63.12918223,-63.15950015,25.78986514,-25.97328797
376,375.9711868,-0.007347439,0.001,63.20049749,-62.92505351,25.69816372,-25.86116461,63.06798119,-63.15952906,25.70832141,-25.90195041
375,374.97034,-0.030206138,0.001,63.04758631,-63.05756731,25.56560853,-25.90192011,63.03737595,-63.02696566,25.76950026,-25.74900555
374,373.9723114,0.000816382,0.001,63.2310633,-63.04744293,25.60643409,-25.90194474,62.99667392,-62.99642576,25.62679927,-25.77961053
373,372.9736176,-0.01959317,0.001,63.03741973,-62.92510182,25.59620753,-25.9121261,63.05776666,-63.1493864,25.71852666,-25.87136082
372,371.9722534,-0.021225935,0.001,63.19036208,-63.08820061,25.57582289,-26.00388831,63.21071076,-63.19014287,25.65739031,-25.91215243
371,370.9728088,-0.029389755,0.001,63.31259297,-63.05762458,25.64715458,-25.91215409,63.06796746,-63.14932497,25.69815899,-25.82040847
370,369.972168,-0.004081911,0.001,63.13938913,-62.97599311,25.67776975,-25.91212826,63.14954791,-63.23090611,25.66755112,-25.80000132
369,368.9731354,0.010612967,0.001,63.12914925,-63.03714444,25.63695231,-25.88155048,63.05778356,-63.13913667,25.65735672,-25.78979809
368,367.9723877,-0.011429349,0.001,63.32278042,-62.92509756,25.63696183,-26.05483149,63.23104916,-63.26142766,25.66752875,-25.8407603
367,366.9730011,0.010612967,0.001,63.3635317,-63.13908777,25.72871149,-26.02423643,63.0984732,-63.23085649,25.64714893,-25.87131945
366,365.9730515,-0.005714675,0.001,63.24128584,-63.14932291,25.57580922,-25.97327357,63.02718357,-63.29206356,25.73891152,-25.92227607
365,364.973259,-0.043268252,0.001,63.25145787,-63.10845046,25.62674417,-25.95288416,63.11889241,-63.35319034,25.68793739,-25.87133978
364,363.9734238,-0.02694061,0.001,63.3125426,-63.08818103,25.5758002,-25.97326165,63.15967909,-63.24100395,25.73888387,-25.88152335
363,362.9732178,-0.006531057,0.001,63.40432132,-63.15949004,25.67773012,-25.92231404,63.12910201,-63.32258821,25.65732982,-25.810155
362,361.974295,0.008980203,0.001,63.42469936,-63.01671925,25.47389296,-25.96308122,63.21068053,-63.3633398,25.70831384,-25.8407571
361,360.9732895,-0.045717398,0.001,63.42464224,-62.99634778,25.63693088,-25.98346657,63.20047393,-63.26139825,25.75926674,-25.84076431
360,359.9727356,-0.020409553,0.001,63.2309924,-63.17984928,25.49421477,-25.87132852,63.31252909,-63.21047921,25.77965469,-25.96308031
359,358.9725418,-0.041635487,0.001,63.38392545,-63.13908806,25.62675513,-26.01403645,63.11892618,-63.20018682,25.71850658,-25.8713441
358,357.973233,-0.010612967,0.001,63.27181143,-63.12896223,25.65733986,-26.0446364,63.10872641,-63.29199363,25.70833959,-25.97328492
357,356.9712204,-0.01959317,0.001,63.28199463,-63.11870647,25.63696968,-25.93251184,63.20043927,-63.12890812,25.75927084,-25.93248602
356,355.9736053,-0.021225935,0.001,63.43482317,-63.07793436,25.53501522,-25.93249332,63.08831487,-63.17990685,25.73889034,-25.83055078
355,354.9707703,-0.013062114,0.001,63.25143228,-63.15948874,25.59615359,-25.79997254,63.10870775,-63.32255506,25.78984602,-25.77958395
354,353.9721054,-0.000816382,0.001,63.23095029,-63.03707261,25.51461752,-25.82036646,63.10866692,-63.24101447,25.74907158,-25.8101592
353,352.9722687,-0.018776788,0.001,63.38391387,-63.08807753,25.54520639,-25.96306284,63.14949115,-63.26138695,25.83060554,-25.93247028
352,351.9716614,-0.011429349,0.001,63.36345626,-63.1084651,25.59615616,-26.01403807,63.15961926,-63.3021684,25.68787925,-25.85091641
351,350.9722656,-0.024491464,0.001,63.19024139,-63.10849398,25.59616475,-25.87131153,62.9863516,-63.23081144,25.71850155,-25.87133419
350,349.9719025,-0.054697602,0.001,63.11888114,-62.91477641,25.57579012,-25.94268959,63.29221394,-63.26140919,25.57579944,-25.93247284
349,348.9721191,-0.048982927,0.001,63.13925889,-63.10843312,25.65731868,-25.92231482,62.99652347,-63.22066714,25.60631823,-25.81016502
348,347.9731018,-0.026124227,0.001,63.20044201,-63.03708,25.64712236,-25.93247115,63.0373237,-63.17982897,25.67769295,-25.81015391
347,346.9721191,-0.035920813,0.001,63.20039225,-62.96577567,25.59616049,-25.92228783,62.98631193,-63.1900329,25.72868621,-25.95284924
346,345.9709198,-0.011429349,0.001,63.20037705,-62.97599067,25.5248047,-25.98345265,62.9863545,-63.17984868,25.67769887,-25.7592001
345,344.9716476,-0.052248455,0.001,63.09842649,-63.01675389,25.59616982,-25.84074701,63.06781665,-63.09827342,25.6471543,-25.87131112
344,343.9715958,-0.011429349,0.001,63.17997391,-62.91477012,25.53499721,-26.02420695,62.86404715,-63.24099279,25.55538786,-25.89168023
343,342.9717407,-0.063677805,0.001,63.31255446,-62.90463192,25.46362314,-26.04460786,62.99660307,-62.92497884,25.59615299,-25.88149759
342,341.9710159,-0.022042317,0.001,63.03732133,-62.904598,25.58597984,-25.8611102,63.02712915,-63.01667741,25.68790053,-25.70822709
341,340.9715073,-0.024491463,0.001,63.12899562,-62.92496834,25.41267273,-25.81014705,62.89457006,-63.03711267,25.64712449,-25.70821198
340,339.9717957,-0.008980203,0.001,63.15959593,-62.81285109,25.47384947,-25.8713093,62.8639649,-63.11864334,25.60632344,-25.66744694
339,338.971524,0.004081911,0.001,62.92507506,-62.86380319,25.44324549,-25.86111256,62.751859,-63.0064354,25.58594516,-25.83052642
338,337.9719284,0.005714675,0.001,63.07805915,-62.80263524,25.43305065,-25.93247522,62.82326594,-62.85361719,25.56557339,-25.82032645
337,336.9720367,-0.038369959,0.001,63.00662765,-62.74151951,25.42288015,-25.75918019,62.66009228,-62.96571602,25.54517382,-25.73876803
336,335.9709885,-0.03836996,0.001,62.92515017,-62.63951817,25.42284735,-25.84070855,62.68052172,-62.87394343,25.47383936,-25.59607438
335,334.9710449,-0.056330365,0.001,62.91492782,-62.57838789,25.46365075,-25.7285958,62.74168261,-62.79247661,25.4636381,-25.6878068
334,333.9712875,-0.067759715,0.001,62.8232106,-62.63947913,25.45342588,-25.76936692,62.62948394,-62.82302763,25.56556523,-25.70815964
333,332.9710068,-0.003265528,0.001,62.75182904,-62.48661678,25.42285376,-25.68783183,62.61929603,-62.80258557,25.54517499,-25.81014784
332,331.9704269,-0.033471666,0.001,62.83340538,-62.51724786,25.39227425,-25.75918317,62.56837541,-62.67013004,25.46362971,-25.70818447
331,330.9715088,-0.037553577,0.001,62.63972743,-62.58857748,25.41266441,-25.72860486,62.5377574,-62.62933801,25.5553769,-25.51454131
330,329.9693298,-0.089802033,0.001,62.7110564,-62.6191676,25.28014908,-25.67762081,62.45622731,-62.5783264,25.44324136,-25.54511066
329,328.9711426,-0.047350162,0.001,62.66012138,-62.51723645,25.25977479,-25.62664651,62.4154887,-62.69049839,25.33111081,-25.58587941
328,327.9706268,-0.040002723,0.001,62.46643202,-62.40509201,25.33112739,-25.58586791,62.42569556,-62.57837793,25.3515173,-25.58587922
327,326.970401,-0.039186341,0.001,62.52757762,-62.32351429,25.26997841,-25.66741822,62.43588969,-62.39488522,25.37188027,-25.56546705
326,325.9701263,-0.074290774,0.001,62.5173765,-62.16039233,25.21897734,-25.65724623,62.27269641,-62.48660298,25.34130742,-25.58587008
325,324.970372,-0.043268251,0.001,62.61929154,-62.22158264,25.23934613,-25.58587617,62.22178998,-62.35406736,25.46363606,-25.5450849
324,323.9706894,-0.065310569,0.001,62.33383688,-62.17063044,25.36169001,-25.6572265,62.07899292,-62.32353578,25.41265472,-25.47374872
323,322.970575,-0.080005448,0.001,62.25235475,-62.03805884,25.22918765,-25.61645546,62.08926746,-62.24196717,25.37186947,-25.44317979
322,321.9700775,-0.047350163,0.001,62.33387592,-61.94638883,25.22916562,-25.63683861,62.08924055,-62.22155343,25.38208331,-25.33103071
321,320.9709717,-0.042451869,0.001,62.15041243,-61.98714014,25.17820639,-25.5858715,61.91599303,-62.19101702,25.13743558,-25.2494893
320,319.970462,-0.058779512,0.001,62.02809428,-61.90559111,25.16800405,-25.4227916,61.86501042,-62.05843398,25.26996068,-25.36161589
319,318.9698181,-0.06122866,0.001,62.04844997,-61.84437199,25.09667784,-25.64703036,61.86506643,-61.85456614,25.26993507,-25.43297842
318,317.9705307,-0.048166544,0.001,62.04845167,-61.8953947,25.11703893,-25.4941358,61.74266488,-61.98713581,25.2495467,-25.52469593
317,316.9701569,-0.039186341,0.001,61.86494659,-61.65069432,24.99471959,-25.37181717,61.89551923,-61.80365166,25.19859466,-25.3004259
316,315.96987,-0.023675081,0.001,61.8140208,-61.77307774,25.15784947,-25.33103959,61.70186867,-61.77304378,25.19859019,-25.23926531
315,314.969252,-0.030206138,0.001,61.83439034,-61.630342,24.96413736,-25.43296587,61.67124607,-61.80360984,25.157824,-25.35142174
314,313.9687042,-0.037553577,0.001,61.77325853,-61.59970991,25.01511003,-25.31062577,61.58976644,-61.78324716,25.10682279,-25.3106527
313,312.9696381,-0.081638213,0.001,61.67130515,-61.47746777,24.953945,-25.37182635,61.47761297,-61.66090943,25.02528152,-25.17810499
312,311.9696976,-0.034288048,0.001,61.64065851,-61.45699229,24.93353649,-25.35142148,61.4368458,-61.62016266,24.94371839,-25.04560696
311,310.9694992,-0.040819105,0.001,61.62028069,-61.47735559,24.98450825,-25.218887,61.39604507,-61.56916371,25.00487939,-25.32082117
310,309.9700958,-0.059595894,0.001,61.55908573,-61.25311507,24.96411797,-25.36159427,61.24315048,-61.53854682,24.87236085,-25.29023388
309,308.9695618,-0.058779512,0.001,61.4673722,-61.21239381,24.92333419,-25.16791193,61.26351564,-61.38566499,24.96409443,-25.14752051
308,307.9701645,-0.097965855,0.001,61.34509518,-61.05948688,24.9131612,-25.20872432,61.10046107,-61.32447527,24.80100908,-25.13737125
307,306.9691772,-0.06939248,0.001,61.38581852,-61.04929239,24.88257684,-25.12715789,61.20233591,-61.34488665,24.92333883,-25.10676226
306,305.9696396,-0.075923538,0.001,61.35531577,-61.15121657,24.81124011,-25.2290876,60.99851056,-61.2123892,24.97429986,-25.0761752
305,304.9695572,-0.041635488,0.001,61.06987849,-61.02889673,24.85202607,-25.15773263,60.88635685,-61.05946475,24.79083235,-25.07617581
304,303.9692703,-0.075923537,0.001,61.09022642,-60.73325911,24.82143781,-25.18832493,60.92714382,-61.21237276,24.77044486,-25.0456167
303,302.9699326,-0.065310569,0.001,60.8863715,-60.71287721,24.8316088,-25.11696349,60.95771477,-60.99827883,24.90296399,-24.98443827
302,301.9693192,-0.091434797,0.001,60.92712808,-60.89636646,24.7602553,-24.97425313,60.73346095,-60.85563619,24.78062486,-25.05579695
301,300.9690811,-0.05796313,0.001,60.81499398,-60.65170067,24.63792956,-24.94365598,60.64174919,-60.6924805,24.70929843,-24.97422975
300,299.9694992,-0.040819106,0.001,60.93731327,-60.60080848,24.68888709,-25.04559734,60.50916169,-60.77406082,24.84179604,-24.88250351
299,298.9687378,-0.060412277,0.001,60.81495726,-60.3764601,24.57673413,-24.95385546,60.52951882,-60.63128576,24.76022605,-24.8824803
298,297.9686951,-0.093883944,0.001,60.61109515,-60.42747371,24.57676082,-24.88249896,60.35625327,-60.63131342,24.66849533,-24.94365306
297,296.9690216,-0.043268252,0.001,60.58055043,-60.24393479,24.59715393,-24.95384424,60.33591808,-60.52939318,24.64807885,-24.73978186
296,295.9684158,-0.050615691,0.001,60.58052032,-60.36626705,24.60733124,-24.83152524,60.3053181,-60.35607431,24.80100598,-24.9130673
295,294.9688293,-0.039186341,0.001,60.44798443,-60.24394513,24.811188,-24.83150406,60.76393823,-60.49877022,24.70924433,-24.74996414
294,293.9691681,-0.044901016,0.001,60.34606191,-60.28471898,24.83158383,-24.72957109,62.27261222,-60.17261845,24.64810032,-24.6786054
293,292.9684464,-0.064494187,0.001,60.39701167,-60.24397058,24.6379191,-24.66843228,62.91483539,-60.01965138,24.61751367,-24.70920902
292,291.9688538,-0.033471666,0.001,60.36642395,-60.0400785,24.93350998,-24.65823196,63.22063358,-60.00946841,24.5053757,-24.66843123
291,290.9684036,-0.05796313,0.001,60.28483436,-60.09103779,24.92331584,-24.50533067,63.64877767,-59.85655428,24.42383394,-24.5155081
290,289.9684265,-0.044084634,0.001,60.23389533,-59.98910927,24.78064026,-24.49512114,64.08704151,-59.79541451,24.55636635,-24.43395013
289,288.9686188,-0.030206138,0.001,60.20334152,-59.87700077,24.95391931,-24.38299057,64.41326371,-59.51000218,24.5359598,-24.54610031
288,287.9691986,-0.063677806,0.001,60.18296776,-59.85652736,24.96410831,-24.53589347,65.00449729,-59.48956851,24.760207,-24.5154902
287,286.9688889,-0.012245731,0.001,59.99941863,-59.78518101,25.0456245,-24.34222225,65.17782882,-59.30608519,24.91311888,-24.40340751
286,285.9681335,-0.042451869,0.001,59.6834522,-59.68326755,25.07620583,-24.46454745,65.58549695,-59.23479032,24.79079871,-24.44414782
285,284.9686295,-0.048982926,0.001,59.75480485,-59.74445344,25.07623458,-24.32185622,65.51418669,-59.71386525,24.63790766,-24.4849498
284,283.9679337,-0.035920813,0.001,59.79556179,-59.72399989,24.51561144,-24.49513116,63.81186903,-59.24495805,24.47481537,-24.33202254
283,282.9680618,-0.078372683,0.001,59.58150382,-59.40802972,24.46462747,-24.36261931,64.68851298,-59.04109523,24.30153669,-24.43395165
282,281.9681595,-0.024491463,0.001,59.5305585,-59.41825488,24.56655954,-24.44416158,65.12684506,-58.91879854,24.3932396,-24.39318457
281,280.968277,-0.051432073,0.001,59.30626713,-59.35709606,24.39324303,-24.23009091,66.1563367,-58.53138879,24.34229706,-24.43394871
280,279.969043,-0.056330366,0.001,59.14319675,-59.04110802,24.54616186,-24.3625892,68.2256121,-58.10330534,24.18939716,-24.49510757
279,278.9681427,-0.061228659,0.001,59.0310484,-59.02066482,24.53594186,-24.43395816,70.5497939,-57.47127272,24.18937716,-24.53588399
278,277.9670395,-0.040819105,0.001,58.91894182,-58.95957026,24.56654764,-24.41358591,73.5670398,-56.83928078,24.11803244,-24.73975308
277,276.9677429,-0.028573373,0.001,58.71504824,-58.58236264,24.60733036,-24.32184332,75.7280721,-56.33983079,23.99570062,-24.69901901
276,275.966777,-0.038369959,0.001,58.65397119,-58.5211973,24.66848282,-24.37281166,78.1541586,-55.83012619,23.99573032,-24.81114141
275,274.967598,-0.05061569,0.001,58.64372634,-58.36832672,24.65830063,-24.39318111,79.9380162,-55.87087323,23.98552652,-24.58686064
274,273.9675781,-0.063677805,0.001,58.36851088,-58.37844311,24.77042957,-24.37279062,81.2019716,-55.34083631,23.76126287,-24.6174404
273,272.9677856,-0.040002723,0.001,58.34810005,-58.07268407,24.688859,-24.42377068,82.1193895,-55.01460164,23.84282521,-24.66841642
272,271.9677475,-0.021225935,0.001,58.06272145,-57.98093744,24.84175987,-24.29121939,85.1264588,-54.280672,23.63893328,-24.87227601
271,270.9679382,-0.049799309,0.001,58.01163379,-57.79745805,24.86216577,-24.41355759,86.7370165,-54.0767765,23.6694788,-24.84167499
270,269.9675323,-0.044901016,0.001,57.919901,-57.83823713,24.68886446,-24.30143675,88.5922103,-53.7505981,23.52679079,-24.82129024
269,268.9684891,-0.084903741,0.001,57.67524318,-57.56295262,24.8825226,-24.25046621,88.6636338,-53.2919531,23.63892406,-24.71937584
268,267.9679703,-0.055513983,0.001,57.71600842,-57.45083028,25.03543864,-24.26066788,89.2242637,-53.1797151,23.50637626,-24.770339
267,266.9674911,-0.058779512,0.001,57.31847141,-57.38975082,24.97429669,-24.2300798,90.2333884,-52.7617675,23.65930287,-24.7703331
266,265.9673492,-0.037553577,0.001,57.40006285,-57.20615193,24.90293157,-24.19949186,92.2109159,-52.5681519,23.62871551,-24.65818543
265,264.9671295,-0.053881219,0.001,57.06368395,-57.21638516,25.02524399,-24.12814016,92.761432,-52.2623045,23.61851482,-24.81112105
264,263.9665054,-0.072658008,0.001,57.05344963,-56.95140612,24.98447624,-24.00581513,91.8337374,-52.0482585,23.79184467,-24.82128943
263,262.9673004,-0.050615691,0.001,56.71707866,-56.44166472,25.38202132,-24.18928874,91.0182228,-51.8546342,24.06706558,-24.81110644
262,261.9659988,-0.071025245,0.001,56.54379064,-56.34991879,25.57570142,-24.11794579,95.4014979,-51.0289352,23.985523,-25.00480381
261,260.9675339,-0.041635487,0.001,56.31949744,-56.3906539,25.62665722,-24.00581841,94.3413519,-51.3143122,23.98549599,-24.77033616
260,259.9668182,-0.090618416,0.001,56.5336244,-56.33980006,25.70822625,-24.07715233,93.9846233,-50.4784919,24.19955507,-24.94361127
259,258.9670273,-0.053881219,0.001,56.25836694,-56.16642897,25.58589045,-23.91406014,164.1977965,-42.5682899,21.2434308,-26.6459352
258,257.9670395,-0.040002723,0.001,55.75881298,-55.38147304,26.43191719,-24.20965981,196.9289403,-32.7416454,19.0211973,-26.7376866
257,256.9666901,-0.066943334,0.001,54.86173992,-54.93296152,26.77846293,-24.11790838,240.761001,-32.8130045,18.2158501,-28.03230977
256,255.9673698,-0.022042317,0.001,54.59671763,-54.16842182,27.99151206,-24.27080438,222.6065359,-34.1177752,19.8876249,-28.23616458
255,254.9667015,-0.040002723,0.001,54.33172405,-54.30098119,29.01088766,-23.90386391,145.1051656,-42.3235631,23.5777535,-26.4318945
254,253.9671646,0.006531057,0.001,54.42345818,-53.92382636,29.38802744,-23.69999563,134.1062609,-43.740562,24.3728268,-25.92220644
253,252.9670395,-0.021225935,0.001,54.22977803,-53.91358749,29.17396368,-23.7305622,140.9053415,-42.5682071,24.5461017,-26.0547102
252,251.9667267,-0.020409552,0.001,54.34191645,-53.93402743,28.76622966,-23.76114384,134.7992483,-43.709859,24.433962,-25.70813193
251,250.9673759,-0.026940609,0.001,54.18899837,-53.93399077,28.72545758,-23.75093528,128.1940004,-44.3316175,24.4747569,-25.48387771
250,249.9667557,-0.05796313,0.001,53.96477766,-53.48544894,28.3075366,-23.77133685,129.172524,-44.0258539,24.6073042,-25.76930328
249,248.9665283,-0.039186341,0.001,54.02591045,-53.33261856,28.41964729,-23.77134088,130.4672555,-43.6996796,24.4237969,-25.60621439
248,247.9661507,-0.031838902,0.001,53.56720225,-53.25106047,27.96096234,-23.57765478,124.249129,-43.8220665,24.5053471,-25.2902
247,246.9668503,-0.022858699,0.001,53.64873077,-52.99615356,27.8080412,-23.55726024,121.9044441,-44.0054811,24.4849152,-25.3003936
246,245.9666428,-0.05388122,0.001,53.39395086,-52.73118667,27.75706866,-23.68977676,118.4183016,-44.3622326,24.413596,-25.22903491
245,244.9663536,-0.041635488,0.001,52.95557471,-52.55788946,27.67555799,-23.41454731,119.9269258,-43.5875776,24.0262499,-25.51447257
244,243.9668205,-0.026940609,0.001,52.67018305,-52.35403989,27.49201662,-23.6795694,112.6079426,-44.617115,23.84277497,-25.17806358
243,242.9660172,-0.03102252,0.001,53.19003067,-52.37440637,26.28919336,-23.67959409,99.14238562,-46.1971035,24.02622925,-24.77030515
242,241.9660309,-0.039186341,0.001,52.83323453,-52.18072289,25.64701507,-23.54708248,87.7052256,-47.6140652,24.19954299,-24.43393564
241,240.9661354,-0.022858699,0.001,52.7211145,-52.12977404,25.12716596,-23.68978147,80.131526,-48.6129569,24.14856251,-24.06696453
240,239.9662697,-0.045717398,0.001,52.70077344,-52.06857513,24.8927078,-23.62863271,74.046002,-48.8678479,24.26072313,-23.89367128
239,238.9666977,-0.089802033,0.001,52.6294563,-51.8953206,24.57671711,-23.5063126,69.2856411,-49.4590663,24.046645,-23.68978537
238,237.9663521,-0.064494188,0.001,52.43575731,-51.79339663,24.40340756,-23.43496362,65.7994441,-49.6833481,24.18935301,-23.65920184
237,236.9653152,-0.083270976,0.001,52.35415982,-51.63026955,24.10781619,-23.48593103,62.8433342,-49.96872722,23.9039224,-23.5776587
236,235.9654251,-0.068576098,0.001,52.11974346,-51.53856209,23.88355639,-23.47573156,60.6313509,-50.15225325,23.92428407,-23.36359826
235,234.9652214,-0.049799309,0.001,51.99741831,-51.30409625,23.80199929,-23.43496772,59.0105858,-49.93819801,24.08739752,-23.29225613
234,233.9656693,-0.076739918,0.001,52.11974093,-51.20214221,23.75101322,-23.3942017,57.3999575,-49.95858759,24.15876163,-23.14952687
233,232.9655876,-0.060412277,0.001,51.7935525,-51.12060679,23.6286995,-23.22089753,56.1971863,-49.87694348,23.78159398,-23.04760815
232,231.9652542,-0.078372683,0.001,51.61006624,-50.93713146,23.54715573,-23.24127389,55.02491415,-49.99932905,23.91409923,-23.02719347
231,230.9655304,-0.035920813,0.001,51.39601672,-50.67209624,23.44520222,-23.31262904,54.00549189,-49.78523413,23.68987096,-22.96604965
230,229.9659119,-0.048982926,0.001,51.23287353,-50.37650538,23.5471558,-23.33302122,53.30217635,-49.2552202,24.10778512,-22.93548002
229,228.965226,-0.025307845,0.001,51.04936552,-50.20311552,23.47579017,-23.28203281,52.15026893,-49.01052169,23.89370809,-22.82332868
228,227.9658554,0.007347439,0.001,50.79460854,-50.00954943,23.22094769,-23.32283018,51.74254236,-48.99014218,23.975281,-22.5685111
227,226.9650024,-0.032655284,0.001,50.4989394,-49.92797851,23.26173493,-23.21071199,51.31445607,-49.0411165,23.75100714,-22.74180161
226,225.9656647,0.009796586,0.001,50.44799246,-49.77509047,23.24133537,-23.25147249,50.91684556,-48.82705155,23.97523005,-22.49713359
225,224.9660774,-0.038369959,0.001,50.49891863,-49.4998666,23.12921102,-23.01700153,51.05954413,-48.20527431,24.10775625,-22.36460891
224,223.96567,-0.02694061,0.001,50.2848588,-49.37746801,23.27190078,-23.07817276,50.78433118,-48.33781318,23.8121776,-22.37482728
223,222.9659897,-0.038369959,0.001,50.11155934,-49.11243824,23.01707568,-22.8946809,50.53971808,-48.23577978,23.47576555,-22.38502127
222,221.9651146,-0.035920813,0.001,49.99941319,-49.1634142,22.89475124,-22.86411605,50.15237499,-48.27662215,23.55733363,-22.22191514
221,220.9660034,-0.013062114,0.001,49.85675476,-48.87798083,22.9049391,-22.9558682,50.26448333,-47.86885245,23.58790543,-22.03844887
220,219.9657646,-0.044084634,0.001,49.86692476,-48.70473913,22.88459034,-22.74181062,50.16255893,-47.46114783,23.63887414,-22.0996118
219,218.9656029,-0.049799309,0.001,49.68347288,-48.63336543,22.81321402,-22.68062853,49.79558665,-47.39996248,23.36365595,-22.03842926
218,217.9651787,-0.01959317,0.001,49.61211991,-48.58242221,22.87439168,-22.72141631,49.91790522,-47.04321097,23.29230803,-21.99766243
217,216.9655655,-0.040819105,0.001,49.42863107,-48.59263568,22.60935042,-22.66024944,49.73437839,-47.05339156,23.28211894,-21.87534086
216,215.9660873,-0.012245731,0.001,49.20437988,-48.67414909,22.58898037,-22.46656706,49.65285585,-46.686414,23.32286729,-21.89572708
215,214.9659378,-0.022042317,0.001,49.04122679,-48.10328238,22.55835092,-22.52771503,49.47955695,-46.5029697,23.32285671,-21.60011998
214,213.9656853,-0.01551126,0.001,49.03105676,-47.88925192,22.57874083,-22.47676581,49.26549365,-46.56407403,23.16996074,-21.65107417
213,212.9657516,-0.024491463,0.001,48.79661308,-47.7159279,22.34430625,-22.29327066,49.20433635,-46.43157247,23.14957086,-21.67146106
212,211.9652344,-0.067759716,0.001,48.70481662,-47.57320757,22.33411374,-22.25248616,48.73544182,-46.04418773,23.07820262,-21.44717585
211,210.9649994,-0.037553577,0.001,48.64369858,-47.36939215,22.31371062,-22.14036943,48.91892331,-46.13593641,22.92532146,-21.50835946
210,209.964949,-0.059595894,0.001,48.46023008,-47.29800445,22.31372204,-22.17094432,48.57232864,-45.9728383,23.00686613,-21.49816516
209,208.964196,-0.037553576,0.001,48.11362373,-46.98199676,22.17100998,-21.99766246,48.725275,-45.9321107,22.79279453,-21.18215893
208,207.9652092,-0.026940609,0.001,48.16456742,-46.80872038,22.19138584,-21.87534322,48.39905198,-45.5039698,22.88455099,-21.273904
207,206.9641144,-0.044084633,0.001,48.16456484,-46.78835384,22.00792367,-22.04863401,48.31747286,-45.198116,22.71126327,-21.13121581
206,205.9648788,-0.048166545,0.001,47.79764397,-46.59463558,21.97731887,-21.71225937,48.02192853,-45.1165323,22.80298618,-21.0292532
205,204.9648247,-0.032655284,0.001,47.76707712,-46.60489585,21.96715108,-21.76321097,48.42959776,-44.739366,22.60932514,-21.00888477
204,203.9647224,-0.059595894,0.001,47.54273806,-46.19711034,22.06906216,-21.82436467,48.0932281,-44.6171366,22.73163718,-20.94771805
203,202.9649132,-0.033471666,0.001,47.49183119,-46.07483058,21.80405892,-21.65108256,47.87916962,-44.729239,22.63989327,-20.85598026
202,201.9652954,-0.052248455,0.001,47.27775075,-45.96265806,21.7632617,-21.55933295,47.63451934,-44.3316732,22.51756894,-20.7132703
201,200.965136,-0.048982927,0.001,47.16561731,-45.73835832,21.80403354,-21.38602152,47.48163525,-44.0258339,22.59913262,-20.65209694
200,199.9654068,-0.043268252,0.001,47.00253494,-45.442772,21.539014,-21.36565871,47.80779047,-44.4132707,22.33407917,-20.38707558
199,198.9655312,-0.040002723,0.001,47.10448098,-45.47329245,21.5797691,-21.41661936,47.34909657,-43.9748994,22.32388946,-20.33608864
198,197.9653198,-0.036737195,0.001,46.81905186,-45.15733165,21.48802751,-21.30451951,47.20638452,-43.6283369,22.27291258,-20.32591156
197,196.9652382,-0.044901015,0.001,46.62536413,-45.14713831,21.477854,-21.19236801,46.84959521,-43.4958073,22.15058463,-20.3769037
196,195.9647163,-0.040002723,0.001,46.57439066,-45.00444475,21.39628129,-21.19239023,47.23696129,-43.0676875,22.18118046,-20.183195
195,194.9647743,-0.053881221,0.001,46.28894546,-44.80058189,21.41668524,-21.01908444,46.70689378,-43.2919636,22.23215289,-20.08125017
194,193.9645439,-0.066943333,0.001,46.11566803,-44.72926875,21.19242445,-20.92733316,46.533591,-42.6395566,21.96711523,-19.85700621
193,192.9642151,-0.035920813,0.001,45.96277575,-44.61707484,21.29435645,-20.90694632,46.5030065,-42.4152599,21.83460265,-19.94876018
192,191.9651955,-0.044084634,0.001,45.95255743,-44.26032772,21.05993201,-20.85598269,46.3195164,-42.578359,22.15059015,-19.96913759
191,190.9635818,-0.085720122,0.001,45.86082697,-44.34190091,21.01915425,-20.72347241,46.1869981,-42.2318372,21.8244106,-19.56140238
190,189.964579,-0.039186341,0.001,45.6671566,-44.05642509,21.02933184,-20.62152802,46.2278092,-42.3847122,22.07923782,-19.79584126
189,188.9640106,-0.03102252,0.001,45.56520333,-43.77102446,20.99873613,-20.70307313,46.2787329,-41.8954191,21.83459198,-19.4594471
188,187.9638123,-0.067759715,0.001,45.88123078,-43.35305563,20.96817095,-20.50939409,46.2889499,-41.5080695,21.90593307,-19.13327428
187,186.9644188,-0.039186341,0.001,45.49386309,-43.28173339,20.85602795,-20.38707134,46.0035032,-39.8057612,22.25251907,-19.17405383
186,185.9638451,-0.034288048,0.001,45.24921213,-43.05745446,20.75410595,-20.20358908,46.2991323,-40.876076,21.95690894,-19.01094072
185,184.9643242,-0.048982927,0.001,45.12687256,-43.12882355,20.6215663,-20.30552555,45.7996109,-40.6721901,21.9976745,-18.83764984
184,183.9644608,-0.036737194,0.001,45.2492021,-42.91474604,20.6317843,-20.0812737,45.5855812,-40.091135,21.64093271,-18.89881739
183,182.9644707,-0.032655284,0.001,44.83126367,-42.59875604,20.6317827,-20.05067584,45.7486598,-40.5600508,21.5389776,-18.88861887
182,181.964798,-0.058779513,0.001,44.7395575,-42.47644494,20.58080914,-20.15261306,45.4836314,-39.9994253,21.65110543,-18.70512427
181,180.963279,-0.04653378,0.001,44.54584556,-42.36429797,20.52981366,-19.81622126,45.453063,-39.6630713,21.49818721,-18.54203427
180,179.9644691,0.006531057,0.001,44.39293649,-42.14005389,20.46868883,-19.94874089,45.0249237,-40.1625314,21.52878097,-18.67454373
179,178.9641945,-0.075107155,0.001,44.05657283,-42.17065855,20.34633441,-19.76526791,44.6477627,-40.0198229,21.27393888,-18.66437827
178,177.9639687,-0.032655284,0.001,43.82208191,-42.04833867,20.17305901,-19.69390852,44.8006319,-39.8770694,21.25355822,-18.48086304
177,176.9637016,-0.073474391,0.001,43.73037484,-41.69154876,20.13229296,-19.58177441,44.5968011,-39.6630572,21.17200209,-18.48087002
176,175.9635559,-0.022042317,0.001,43.79151891,-41.70173632,20.03034966,-19.67351526,43.3429872,-38.5825162,21.3758581,-18.19546958
175,174.9640488,-0.040819106,0.001,43.76093534,-41.2124448,20.15266849,-19.46965238,44.617133,-38.2869346,21.3248847,-18.00177415
174,173.9630852,-0.035920812,0.001,43.60802701,-41.0595175,20.1220738,-19.19442787,45.4428312,-37.5937605,21.6510871,-17.8998229
173,172.964077,-0.070208862,0.001,43.28184055,-40.9983687,19.96917651,-19.31674007,44.3113298,-37.7261941,21.2229604,-17.56343453
172,171.9638123,-0.055513985,0.001,43.077981,-40.92695631,19.72454362,-19.18421036,44.0463625,-37.7058552,21.17200085,-17.96100563
171,170.9636658,-0.086536506,0.001,43.09835003,-40.8760393,19.80609083,-19.17402684,42.5886272,-37.1044676,21.1108298,-17.73675585
170,169.9640144,-0.039186341,0.001,42.95565204,-40.2847889,19.74493672,-18.86822254,43.9036108,-36.7068529,20.8661805,-17.52270142
169,168.9635437,-0.091434798,0.001,42.94545334,-40.3765842,19.65317001,-18.84784079,44.2807658,-36.686449,21.0700575,-17.47170638
168,167.9642258,-0.024491463,0.001,42.78230296,-40.0809185,19.64297901,-19.01093328,43.1084919,-37.4713201,20.81521819,-17.64498983
167,166.9630112,-0.000816382,0.001,42.36438344,-40.16247125,19.4798731,-18.91916819,43.6691324,-36.8802297,20.78461783,-17.54303335
166,165.9640266,0.004898293,0.001,42.30326154,-39.6935892,19.43911544,-18.68473808,43.9953479,-36.0646999,20.61135521,-16.92125415
165,164.9635948,0.030206138,0.001,42.34403794,-39.4387423,19.35757981,-18.72552042,44.1788465,-36.1870613,20.80502855,-17.01297235
164,163.9636108,0.056330367,0.001,42.1197806,-39.3877814,19.38816657,-18.58280331,43.4244839,-36.0239314,20.71326615,-16.95182294
163,162.9637039,0.040819106,0.001,41.63047827,-39.30620654,19.14349313,-18.53183221,43.0065831,-36.2787608,20.37690322,-17.14553467
162,161.9630142,0.022042317,0.001,41.56927874,-39.3061661,18.98038693,-18.46045303,42.8536655,-35.5142331,20.4074653,-17.03337529
161,160.9639763,0.022042317,0.001,41.70179635,-38.7863447,19.08233685,-18.30757088,42.9861606,-35.3001571,20.50938362,-16.54409428
160,159.9632034,0.024491463,0.001,41.53870536,-38.7150163,18.98039568,-18.14447016,42.8740313,-34.9842283,20.45843854,-16.49311388
159,158.963871,-0.022858699,0.001,41.29404309,-38.2970771,18.94982196,-18.28719208,43.0575271,-33.9138439,20.71328123,-16.23828499
158,157.9630554,-0.006531057,0.001,41.11055951,-38.3683852,18.9294288,-18.03234946,42.2216544,-34.5255065,20.41765479,-16.42176397
157,156.9634369,-0.029389756,0.001,40.97807341,-38.3174233,18.66439954,-18.06292581,42.6293796,-34.4745326,20.10165438,-16.82949443
156,155.9632538,-0.025307845,0.001,41.03922429,-38.0218427,18.72556296,-18.01196883,42.8638334,-33.9138916,20.27492934,-16.27907201
155,154.9628983,-0.039186341,0.001,40.94745285,-37.8281834,18.72556955,-17.8080823,41.8954416,-33.7202378,20.0608756,-16.0140306
154,153.9635056,-0.030206138,0.001,40.7334043,-37.410181,18.75614135,-17.79789094,43.9239421,-34.3725143,19.67352845,-16.18731963
153,152.9625992,-0.04979931,0.001,40.42763465,-37.3388589,18.62361336,-17.49207912,43.1900251,-33.1391064,19.90798038,-16.12614731
152,151.9634033,-0.046533781,0.001,40.38679895,-37.1451815,18.44016189,-17.43092517,41.4775079,-32.3848567,20.2137735,-15.56549078
151,150.9628029,-0.098782237,0.001,40.22370643,-37.0432911,18.34840501,-17.45131634,42.0177682,-32.7517752,20.09146153,-15.40240255
150,149.9628548,-0.085720123,0.001,40.16258105,-36.9821369,18.46051913,-17.39012662,41.9973247,-32.3949669,19.81620562,-15.19850383
149,148.9631073,-0.071841627,0.001,39.67327712,-36.8291571,18.24644851,-17.44111413,40.9066318,-32.3643406,19.45945212,-15.6878106
148,147.9634186,-0.059595894,0.001,39.42865174,-36.9311267,18.06298095,-17.29840339,41.0392044,-32.6803799,19.56139726,-15.58590001
147,146.9632637,-0.057146747,0.001,39.81598645,-36.4316895,18.16492966,-17.11493022,41.3959592,-31.2329736,19.93854777,-15.01505957
146,145.9635895,-0.075923538,0.001,39.41845447,-36.0340816,18.09357941,-17.00280222,41.9158389,-30.5193791,19.61236608,-14.81119256
145,144.9626144,-0.062045041,0.001,39.53058051,-35.8098396,18.11393488,-16.98241206,41.3144031,-30.8456175,19.24539593,-14.72964147
144,143.9630203,-0.045717399,0.001,38.96993244,-35.7384894,17.88967552,-16.99260646,40.3255847,-31.6508911,19.3065519,-14.99467038
143,142.9627319,-0.044901016,0.001,39.17378705,-35.6773494,17.79795382,-16.96202326,37.9912971,-29.9179977,19.79583288,-14.32189872
142,141.9630348,-0.044084634,0.001,38.96991504,-35.3307217,18.00181957,-16.78873968,40.8454599,-29.7243756,20.25454332,-15.44319086
141,140.9632378,-0.044084634,0.001,38.40927607,-35.1778525,17.79793918,-16.57466549,40.3867759,-29.4593011,19.72446885,-14.19955306
140,139.9626358,-0.087352888,0.001,38.66410639,-34.8516368,17.76736621,-16.5237051,41.1003304,-29.0821282,19.18422241,-14.05685616
139,138.9629494,-0.047350162,0.001,37.95055904,-34.8822383,17.69600528,-16.53389971,40.223675,-29.7242927,19.13326203,-14.32190165
138,137.9624634,-0.03102252,0.001,38.45003495,-34.2910203,17.46155348,-16.52370825,41.7221501,-28.3481815,19.23521024,-13.8733767
137,136.9626534,-0.049799309,0.001,38.47043216,-33.862853,17.61447487,-16.26888031,41.436728,-27.2982768,19.27597975,-13.60837025
136,135.9624603,-0.057146747,0.001,38.490835,-33.8425291,17.56349451,-16.09557515,40.9882103,-27.3389947,19.12307233,-13.33313214
135,134.9621269,-0.056330365,0.001,38.39908408,-33.7405778,17.31885533,-16.20771022,40.5804737,-28.5622758,18.82745292,-14.04666898
134,133.9621162,-0.095516707,0.001,37.66514775,-34.2502334,17.13536982,-16.14655358,40.2338939,-28.389003,18.82746021,-13.90397062
133,132.9621353,-0.090618416,0.001,37.55301943,-33.2512769,17.2271109,-15.77957232,40.06056709,-27.491998,19.37787896,-13.50641709
132,131.9626549,-0.035104431,0.001,37.5020353,-33.2615071,16.99264688,-15.75919434,39.81590579,-27.8589522,19.2045927,-13.22098789
131,130.9619392,-0.063677805,0.001,37.1248738,-33.4245225,17.03343683,-15.7286147,39.16351007,-25.555123,18.76628075,-13.25157557
130,129.9620522,-0.036737195,0.001,36.82926756,-33.1697005,16.98246089,-15.77957227,39.26544457,-27.1249893,18.71531853,-13.29235983
129,128.9616356,-0.051432073,0.001,36.60500758,-33.1900735,16.86012321,-15.47376819,38.30729766,-27.0739986,18.91917806,-13.20060851
128,127.9618404,-0.048982927,0.001,37.1350747,-32.5886738,16.9009041,-15.32087681,39.05138938,-25.3818411,18.48086649,-12.45648136
127,126.9610645,-0.048166544,0.001,36.9923684,-32.7823669,16.92129471,-15.19854728,38.50095597,-24.4338576,18.9497544,-12.38512818
126,125.9618763,-0.062861423,0.001,37.5326379,-32.068803,16.9416785,-15.06603463,39.5610555,-24.4135329,19.072084,-12.2016599
125,124.9613598,-0.041635488,0.001,36.19725418,-32.4357942,16.73779734,-15.12719048,38.89847522,-26.1565363,18.21581482,-12.49724666
124,123.9625977,-0.031838902,0.001,36.00356409,-32.5376965,16.61547095,-15.19852555,38.42957287,-25.7181949,18.24639503,-11.9366099
123,122.9612358,-0.049799309,0.001,36.0545562,-31.640693,16.55431391,-14.90292734,38.84749834,-23.6693054,18.83762692,-11.9162207
122,121.960994,-0.035920812,0.001,35.9730095,-31.7630167,16.40141223,-14.80099171,39.85666707,-24.0260867,18.35853664,-11.7123508
121,120.9610382,-0.028573373,0.001,36.0035695,-31.8852872,16.44219543,-14.65828431,39.43872477,-24.2809768,18.45026449,-11.22306657
120,119.960339,-0.035920813,0.001,35.3308022,-31.2940569,16.12619717,-14.62770586,37.94026343,-24.7396378,18.29736824,-12.06912723
119,118.9603706,-0.084087358,0.001,35.269658,-31.4469593,16.04464703,-14.72964802,37.45097622,-27.7161708,18.26676946,-11.2944142
118,117.9603134,-0.058779513,0.001,35.3511819,-31.0698575,16.22813374,-14.35247289,39.1736796,-21.9058847,18.07310128,-10.9886047
117,116.9595673,-0.043268251,0.001,35.188083,-30.5193722,16.13637479,-14.31169534,39.30616548,-22.170976,18.50122586,-11.3657709
116,115.9606583,-0.037553577,0.001,35.2594566,-30.570285,16.12618339,-14.30150591,38.60283487,-21.0801799,17.98136268,-11.57983408
115,114.9596584,-0.033471666,0.001,35.0555769,-30.6722543,15.98348569,-14.20977029,37.58348562,-23.0271528,18.50122807,-11.5288904
114,113.960059,-0.055513983,0.001,34.6987964,-30.5295814,15.789817,-14.03647643,39.16347622,-20.6929091,18.31774951,-10.4687386
113,112.9598957,-0.075107156,0.001,35.3919562,-29.8466076,16.02422758,-14.08744414,38.57225006,-20.8864654,17.97116957,-10.4789274
112,111.9604443,-0.06939248,0.001,34.9229848,-30.264516,15.75918985,-13.76123881,37.21645364,-21.1209055,18.18520449,-10.4891001
111,110.9597099,-0.044901016,0.001,34.943372,-29.6324745,15.84072269,-13.57772986,38.34790711,-20.1117946,18.25656003,-11.14148098
110,109.959774,-0.047350162,0.001,34.3827184,-29.5916991,15.48397466,-13.75104253,35.94227873,-21.5286678,17.76726039,-10.9478252
109,108.9593914,-0.009796585,0.001,34.4234642,-29.2451233,15.81013723,-13.26172566,37.8688197,-18.7152436,18.54196086,-9.3372197
108,107.9592922,-0.014694878,0.001,34.4438949,-29.5611423,15.71842224,-13.34329044,36.45197848,-19.8161903,17.96095589,-9.6736113
107,106.9595512,-0.03102252,0.001,34.3113819,-28.602932,15.52474726,-13.1801927,37.15531762,-17.9303415,17.49204243,-9.9794468
106,105.9970428,0.009796585,0.001,33.3736818,-28.5257671,15.45148788,-13.24974382,36.17775289,-20.7998912,17.29179493,-9.94006029
105,104.9584984,-0.035104431,0.001,33.6370067,-28.935674,15.3950742,-13.16261096,37.05160954,-19.2161989,17.47130166,-10.07114121
104,103.9590294,-0.034288048,0.001,33.6728858,-28.5711569,15.29350391,-12.9697632,37.19534351,-17.5127136,17.44421039,-9.17331
103,102.9592705,-0.008980203,0.001,33.8563222,-28.8352529,15.46765514,-12.85028425,36.77042825,-19.5114887,17.12856175,-9.1608716
102,101.9595528,-0.023675081,0.001,33.4048367,-28.2109633,15.28602002,-12.74840702,36.0135974,-16.4370469,17.85740403,-8.9604327
101,100.9587902,-0.006531057,0.001,33.357014,-28.1388684,15.05142381,-12.77338497,35.20005569,-18.5776715,16.85849175,-9.5312244
100,99.95938454,-0.044901016,0.001,33.0110465,-28.5375003,14.99644371,-12.77438211,35.4585019,-15.9074075,17.57865644,-8.8076145
99,98.95866928,-0.035104431,0.001,33.6967202,-27.7994659,15.31260299,-12.24071515,37.4053725,-14.1668934,17.13565614,-7.7122604
98,97.95945778,-0.054697602,0.001,34.1686955,-26.4421507,15.3041191,-12.09314379,36.7099399,-14.1626865,17.45339585,-7.8724838
97,96.95932426,-0.067759717,0.001,33.2518492,-27.0884302,15.14420319,-12.09556005,35.69089005,-15.9933869,16.83473154,-8.6335664
96,95.95937004,-0.036737195,0.001,32.5456036,-27.1231793,14.84725643,-12.31116081,35.15239166,-16.7813048,16.87386542,-8.9661958
95,94.95970268,-0.036737194,0.001,32.8200141,-26.5572374,14.95147448,-12.00783652,36.2609744,-15.6363258,17.28826762,-7.9518311
94,93.95986938,-0.027756991,0.001,33.5159268,-26.7220263,14.94772737,-11.84248667,35.6748095,-13.6207389,17.09945121,-7.6977193
93,92.95952568,-0.064494188,0.001,32.7321889,-25.8099835,14.8514073,-11.83157189,36.254291,-12.1823664,16.99404635,-7.6963018
92,91.95973511,-0.011429349,0.001,32.0417558,-26.3321052,14.51837625,-11.84935713,35.7907502,-15.290894,16.50443683,-8.2118918
91,90.96013184,-0.06204504,0.001,32.222977,-26.4591312,14.61266845,-11.80570065,34.3632541,-14.677063,16.88822112,-7.929774
90,89.95967369,-0.036737195,0.001,32.7086356,-26.1651443,14.66897038,-11.56462338,37.4082089,-13.5374774,17.03609498,-7.3210215
89,88.96000252,-0.064494188,0.001,32.3382901,-26.2158743,14.65389586,-11.3359973,36.6884755,-11.5063585,16.95938223,-6.8935789
88,87.95951614,-0.059595894,0.001,32.1709298,-25.4716429,14.70080581,-11.22654178,35.7804981,-9.4864968,16.57780725,-6.0999421
87,86.95972672,-0.085720122,0.001,32.363972,-25.7635684,14.25829973,-11.21653953,35.86535,-14.3440903,16.73589543,-7.4116751
86,85.95983887,-0.08082183,0.001,31.8433458,-25.8747817,14.18694419,-11.31266145,35.3796607,-12.9589214,16.22092647,-7.4277496
85,84.96017685,-0.08082183,0.001,31.4927162,-25.2366364,14.11437502,-11.25018583,35.8302476,-11.2826069,16.27701505,-7.145853
84,83.95988846,-0.071841627,0.001,31.6044975,-25.4549773,14.11881156,-11.07066867,35.8458456,-12.7201431,16.55730332,-6.9582637
83,82.96042061,-0.074290772,0.001,31.614795,-24.6763761,14.0187537,-11.01651003,34.9572554,-12.1742219,16.848794,-6.8121072
82,81.96001434,-0.097965856,0.001,31.1307737,-24.8846335,13.96649857,-10.91552854,35.1073685,-11.3488263,15.69826156,-6.8236421
81,80.96006088,-0.111844351,0.001,31.158966,-24.4307838,13.98094687,-10.78666429,34.9999487,-11.8554056,16.29886356,-6.8857896
80,79.96087036,-0.061228659,0.001,30.8784672,-24.8142059,13.88310731,-10.86419265,35.3704366,-9.8485962,15.71221063,-6.2304086
79,78.96065178,-0.06204504,0.001,30.8199586,-24.6429568,13.73999521,-10.68426836,35.0372184,-10.9500616,16.46177816,-6.6492054
78,77.96106606,-0.086536506,0.001,30.8857629,-24.2895844,13.67660917,-10.60422235,35.1794251,-7.6754203,15.47862195,-6.2553889
77,76.96055489,-0.058779513,0.001,30.4738825,-23.2960458,13.5506853,-10.47212508,35.8483832,-10.5513041,15.93204366,-6.1412654
76,75.96145096,-0.07265801,0.001,30.3739989,-23.6771588,13.68772451,-10.35972582,34.3308388,-8.7965902,15.56645532,-6.1087143
75,74.96201706,-0.009796585,0.001,30.5513955,-23.2095944,13.52601166,-10.21448148,35.1994453,-8.0554403,15.63791603,-5.790241
74,73.96221313,-0.035920812,0.001,30.3761964,-23.6640188,13.54906209,-10.18152342,35.1216445,-7.8852505,15.31973312,-5.893837
73,72.9622654,-0.075107156,0.001,30.4773924,-23.2125163,13.49012231,-10.11916,34.4214724,-7.8178688,16.26317422,-5.6783598
72,71.96262589,-0.053881219,0.001,31.1577254,-22.7642472,13.67113931,-9.691111951,36.6688589,-4.9650572,16.06050975,-4.5784617
71,70.96317177,-0.067759716,0.001,30.1955788,-22.430404,13.41370838,-9.78339524,33.4136483,-5.8279022,15.98358887,-5.5024665
70,69.96321564,-0.060412276,0.001,29.8642725,-22.677342,13.42159094,-9.7943095,35.418859,-8.849946,15.46415927,-5.5238225
69,68.96446419,-0.060412276,0.001,30.0057732,-22.5269082,13.23339212,-9.70577013,34.4871321,-5.006158,15.88736061,-5.1500395
68,67.96452446,-0.088985653,0.001,29.9463561,-21.7491858,13.23268881,-9.64644282,34.8012858,-6.1548215,15.2609231,-5.0616996
67,66.96545372,-0.070208861,0.001,29.5890527,-22.2939617,13.11412102,-9.41032779,34.4323314,-5.2599074,15.01730111,-4.8945288
66,65.96562424,-0.071025245,0.001,29.4240958,-21.5572161,12.85527126,-9.46642481,35.2600969,-7.1840277,15.20271312,-4.8033467
65,64.96639137,-0.115926261,0.001,29.3474787,-21.7596691,13.00628708,-9.26851419,33.2967028,-5.5709918,15.03986474,-4.6811395
64,63.96741638,-0.083270977,0.001,29.5193869,-21.5386248,12.97555334,-9.122867073,33.5247507,-5.5638624,15.34460239,-4.5873475
63,62.96840878,-0.097149472,0.001,29.535775,-21.4103044,13.12988937,-8.878984473,35.3626145,-1.4026362,15.66591941,-3.5238546
62,61.96998844,-0.062861423,0.001,29.9810064,-20.9675517,13.22712721,-8.554733377,37.0403076,0.155424,15.7897408,-2.4474136
61,60.97019272,-0.08490374,0.001,30.31384852,-20.6450409,13.199831,-8.430306953,36.3419977,1.905216,15.0662357,-3.3120918
60,59.97172813,-0.041635487,0.001,29.4500552,-20.5431879,13.04226413,-8.598494556,35.4648593,-2.427311,14.9448595,-3.1316028
59,58.9732172,-0.060412277,0.001,29.7658115,-20.3923891,12.99899533,-8.466696588,35.9571798,-0.0099498,15.527052,-2.8840458
58,57.9738987,-0.058779512,0.001,29.5495216,-20.7772778,12.8176677,-8.429906026,33.8666808,-0.2592581,15.4515167,-2.9474444
57,56.97531624,-0.056330366,0.001,29.55646632,-20.346569,13.05044736,-8.209360015,34.2617373,0.2884537,14.9679961,-2.6056034
56,55.97686234,-0.064494187,0.001,29.64110418,-20.9673117,12.88215458,-8.123953502,33.9888208,1.3958778,14.5140626,-2.8782912
55,54.97849941,-0.041635488,0.001,28.93458982,-17.1612045,12.66908967,-8.299723692,35.4838107,-4.5284981,15.04602769,-3.4893913
54,53.97947216,-0.022858699,0.001,28.23128776,-20.7737649,12.59147291,-8.159027538,33.7596973,0.4451227,13.8906233,-3.0897433
53,52.98125381,-0.051432074,0.001,28.71240356,-19.2666835,12.63188545,-7.993870507,33.4967234,-0.5224072,14.99195082,-2.8293783
52,51.98263912,-0.024491463,0.001,28.54764816,-19.7763846,12.47552825,-7.895419582,32.6152727,1.4244343,15.1020193,-2.4280883
51,50.98432102,-0.038369959,0.001,28.1951646,-18.4568533,13.09195715,-7.077210789,38.9217222,9.352601,17.1461001,-0.7255083
50,49.98641777,-0.037553577,0.001,29.33276687,-19.6277831,12.5834664,-8.07027748,34.734101,9.765606,14.3950827,-2.1707684
49,48.98833637,-0.061228658,0.001,28.89250704,-19.3776629,12.47329468,-7.291903577,33.940444,5.330831,14.4122637,-1.7552456
48,47.98964348,-0.045717398,0.001,28.21389213,-18.5041982,12.19653964,-7.48746713,32.6089328,1.8826818,14.2210204,-2.2973075
47,46.99091682,-0.013062114,0.001,28.41307834,-19.928489,12.28478326,-7.426324153,33.068619,3.477351,13.6835348,-1.8451901
46,45.99258213,-0.045717398,0.001,28.586687,-19.1166724,12.53258885,-7.016762724,35.4281071,6.773868,14.4497401,-1.0548072
45,44.99449425,-0.08082183,0.001,28.66989024,-19.020712,12.48177095,-6.907306888,34.5837331,6.458166,14.1523802,-1.1733704
44,43.99545708,-0.025307845,0.001,28.05596053,-18.5346552,12.46588041,-6.612971307,36.001333,5.985261,13.8127876,-2.0195478
43,42.99711571,-0.048982927,0.001,27.66909169,-19.0701454,12.25594354,-6.976425946,30.8500311,4.741277,13.6335482,-1.7245321
42,41.99782772,-0.010612967,0.001,28.19740175,-18.2368682,12.26705663,-6.46519194,35.2140348,7.593493,13.8669495,-0.7448269
41,40.99866314,0.013062114,0.001,28.2088201,-18.5604725,12.50740601,-6.44547946,37.1195076,8.548699,14.1866338,-0.6163577
40,39.99933109,0.001632764,0.001,27.87487908,-18.1318252,12.2376333,-6.2878052,36.5743125,9.067303,13.9889457,0.0405181
39,39.00014229,-0.014694878,0.001,27.33524192,-17.4471705,11.7600592,-6.48367991,34.0170816,4.729894,13.4530144,-1.5113473
38,38.00063858,-0.001632764,0.001,29.42748924,-18.0170962,12.20822483,-5.90725572,33.7988256,11.068652,13.7662303,-0.1746518
37,37.00121841,-0.007347439,0.001,28.79410582,-17.066371,12.86245978,-5.274233,39.2349041,10.668151,13.3606291,0.0104318
36,36.00147228,0.012245731,0.001,28.12247897,-16.7326299,13.03096431,-5.65699543,37.2390286,13.55503,13.6249434,0.1675815
35,35.00198669,-0.049799309,0.001,26.71697575,-18.1734905,11.84264224,-6.0147008,32.2188044,8.554549,13.5082156,-1.0619704
34,34.00173206,-0.018776788,0.001,26.60105804,-16.6664089,11.8576028,-5.95638445,36.1381673,13.823043,13.1351647,0.3436566
33,33.001861,0,0.001,27.42925571,-17.3734982,12.12948969,-5.43827902,36.5725283,11.366439,12.9072283,0.6246365
32,32.00164108,-0.01142935,0.001,27.93139047,-17.5693022,12.1608394,-5.16114059,38.1517555,13.993478,13.5770398,0.8212225
31,31.00168295,0.003265528,0.001,26.60772311,-16.7423324,11.61776295,-5.38350848,34.1132682,17.035777,14.444483,0.0584301
30,30.00122566,-0.021225935,0.001,26.50910374,-16.9248126,11.93403051,-4.99204886,35.8764214,11.524724,12.3987456,1.0043633
29,29.00122557,-0.030206138,0.001,26.88761781,-16.3472267,11.87065986,-4.85266572,36.1335965,12.877234,12.9263693,1.0255846
28,28.00105267,-0.077556302,0.001,27.02884678,-16.1852985,12.16145253,-4.72460565,36.404669,17.881446,12.5237744,2.1183039
27,27.00068874,-0.036737195,0.001,25.84176278,-16.4245359,11.36519564,-5.01661176,32.0139343,15.385249,12.2343145,-0.2500658
26,26.0004982,-0.081638213,0.001,26.566939,-15.7409749,11.84185719,-4.48051373,36.907063,14.29349,12.3626834,1.5852494
25,25.0001544,-0.025307845,0.001,26.76575897,-15.7152898,11.77696788,-4.3394117,34.5633541,20.177707,12.5654164,1.5574578
24,24.00025434,-0.025307845,0.001,27.14992967,-15.8817132,12.07906865,-4.09087495,35.6077576,31.397056,11.7654195,0.969293
23,23.00012484,-0.016327642,0.001,25.79873511,-15.5304455,11.58795662,-4.38024563,32.5093597,15.24451,11.4953505,0.6235233
22,22.00013533,0.014694878,0.001,25.64733544,-14.6518858,11.41420026,-3.89650771,34.029682,18.348807,12.5190144,1.7995045
21,21.0001956,0.017144024,0.001,25.81199123,-14.6302861,11.26298479,-3.70890557,33.8144086,17.964459,11.5085768,2.134381
20,20.00036106,0.043268252,0.001,25.88880541,-11.5418593,11.35304767,-3.967758,30.310863,17.457677,10.7864405,0.9263464
19,19.00003004,0.048982927,0.001,25.33740492,-16.1413121,11.1818034,-2.96217477,39.5097326,25.826335,11.647849,1.5107566
18,17.99997997,0.008163821,0.001,25.5287353,-14.9790431,11.259031,-3.24628969,34.41812,22.205172,11.6027765,2.5994141
17,17.00007677,0.035104431,0.001,25.81338298,-15.106938,11.50777254,-3.01068246,34.0909787,24.972621,11.0443649,2.80883922
16,15.99997892,0.04245187,0.001,24.47545967,-14.052101,10.87949197,-3.37546888,30.1490529,19.152528,10.7829702,1.41414078
15,15.00002556,0.026940609,0.001,24.16202124,-14.4161611,11.00069172,-3.1054964,32.8919619,23.878639,10.8873676,2.99785605
14,14.00002317,0.038369959,0.001,25.03118822,-14.1724957,11.26327955,-2.60770725,36.1720092,24.313832,10.004893,3.83303315
13,12.99995356,0.04653378,0.001,24.434426,-13.0796676,11.19243303,-2.59163389,32.4042064,23.445823,10.5780151,2.58940921
12,11.99995775,0.02694061,0.001,24.0423721,-12.7064168,10.49562187,-2.71161358,32.4411512,22.565037,10.0861651,1.88371156
11,10.99997911,-0.000816382,0.001,23.67971986,-12.4181947,10.36857698,-2.75204128,31.3915749,28.667535,11.0515307,4.9831407
10,9.999946785,-0.014694878,0.001,24.29354037,-12.047411,10.92146136,-1.98114911,34.7162269,25.096804,10.4163816,3.28440171
9,9.000259113,-0.017144024,0.001,23.85471369,-11.8675043,10.82432578,-1.76921087,34.0148387,27.133415,9.8202574,3.12328047
8,7.999935794,-0.074290773,0.001,24.64336301,-13.4672143,10.63512141,-1.43120914,40.6464544,26.805816,10.0461561,2.27638817
7,7.000089407,-0.031838902,0.001,22.18386524,-11.9599074,10.12530852,-2.05139657,33.2593093,25.713168,9.8199528,2.11588347
6,6.002470255,-0.089802034,0.001,22.57633931,-11.9109898,10.79684849,-1.38390467,34.1958503,25.82703,9.6185036,4.09421226
5,4.999948669,-0.072658008,0.001,22.71530936,-10.7783435,10.76569585,-0.99912647,32.9969217,25.69174,9.8385789,5.53451702
4,3.999936855,-0.022858699,0.001,23.34146077,-11.6438845,10.06961442,-1.38016831,34.966335,26.388958,8.5801738,2.91447618
3,3.000021553,-0.009796586,0.001,21.14913513,-10.7984687,9.36824268,-1.28809168,29.9976947,23.990191,9.7612324,2.57182462
